TIME:SECONDS,ALTITUDE,GROUNDSPEED
182710257.400938,93.1407245425507,2.92743586358047E-06
