MET,THRUST,MAXTHRUST,ALTITUDE,SPEED,GROUNDSPEED,ACCELERATION,PITCH,AoA,Q,MASS,ETA:APOAPSIS,APOAPSIS,PERIAPSIS
-4.98,0,0,103.511031618342,0.00239080388125746,5.46828272225781E-05,0,89.9893405362736,1.32100575925304,3.36900302953822E-11,51.0678825378418,0.000244048603008196,89.8076621955261,-6362518.45653217
